{"contacts": [{"point": [-2.0, 0.0], "normal": [0.13665870053088572, -0.9906181906108982], "side": "l"}, {"point": [-1.5, 0.3], "normal": [0.13665870053088572, -0.9906181906108982], "side": "l"}], "planner": {"method": "DP with FCM1", "window_size": 5, "num_directions": 12, "PFCM1": 0.7487079073671394, "computation_time": 3.638734063999891}}