{"contacts": [{"point": [-2.0, 0.0], "normal": [0.9763124285867882, 0.21636552818544708], "side": "r"}, {"point": [-1.5, 0.3], "normal": [-0.22746422821669335, 0.9737864369982692], "side": "r"}], "planner": {"method": "DP with FCM1", "window_size": 5, "num_directions": 24, "PFCM1": 0.7466963418585811, "computation_time": 90.19053133200032}}