{
    "interpolation_method": "rocking2",
    "alpha": 0.785398163,
    "beta": 1.5,
    "gamma": 2.82842712
}